<?xml version="1.0" encoding="UTF-8"?>
<configuration>

    <property name="log.default_pattern" value="%d{yyyy-MM-dd HH:mm:ss.SSS}|%-5level|%X{traceId}|%logger{1}|%msg%n"/>
    <property name="log.default_max_history" value="14"/>
    <property name="log.default_charset" value="UTF-8"/>
    <property name="log.home" value="logs"/>

    <appender name="console" class="ch.qos.logback.core.ConsoleAppender">
        <encoder>
            <pattern>${log.default_pattern}</pattern>
            <charset>${log.default_charset}</charset>
        </encoder>
    </appender>

    <appender name="info"
              class="ch.qos.logback.core.rolling.RollingFileAppender">
        <file>${log.home}/info.log</file>
        <rollingPolicy
                class="ch.qos.logback.core.rolling.TimeBasedRollingPolicy">
            <fileNamePattern>${log.home}/archives/info.%d{yyyy-MM-dd}.gz
            </fileNamePattern>
            <maxHistory>${log.default_max_history}</maxHistory>
        </rollingPolicy>
        <encoder>
            <pattern>${log.default_pattern}</pattern>
            <charset>${log.default_charset}</charset>
        </encoder>
    </appender>

    <appender name="error"
              class="ch.qos.logback.core.rolling.RollingFileAppender">
        <filter class="ch.qos.logback.classic.filter.ThresholdFilter">
            <level>ERROR</level>
        </filter>
        <file>${log.home}/error.log</file>
        <rollingPolicy
                class="ch.qos.logback.core.rolling.TimeBasedRollingPolicy">
            <fileNamePattern>${log.home}/archives/error.%d{yyyy-MM-dd}.gz
            </fileNamePattern>
            <maxHistory>${log.default_max_history}</maxHistory>
        </rollingPolicy>
        <encoder>
            <pattern>${log.default_pattern}</pattern>
            <charset>${log.default_charset}</charset>
        </encoder>
    </appender>


    <appender name="message"
              class="ch.qos.logback.core.rolling.RollingFileAppender">
        <file>${log.home}/message.log</file>
        <rollingPolicy
                class="ch.qos.logback.core.rolling.TimeBasedRollingPolicy">
            <fileNamePattern>${log.home}/archives/message.%d{yyyy-MM-dd}.gz
            </fileNamePattern>
            <maxHistory>${log.default_max_history}</maxHistory>
        </rollingPolicy>
        <encoder>
            <pattern>${log.default_pattern}</pattern>
            <charset>${log.default_charset}</charset>
        </encoder>
    </appender>


    <appender name="debug_stat"
              class="ch.qos.logback.core.rolling.RollingFileAppender">
        <file>${log.home}/debug_stat.log</file>
        <rollingPolicy
                class="ch.qos.logback.core.rolling.TimeBasedRollingPolicy">
            <fileNamePattern>${log.home}/archives/debug_stat.%d{yyyy-MM-dd}.gz
            </fileNamePattern>
            <maxHistory>${log.default_max_history}</maxHistory>
        </rollingPolicy>
        <encoder>
            <pattern>${log.default_pattern}</pattern>
            <charset>${log.default_charset}</charset>
        </encoder>
    </appender>


    <root level="INFO">
        <appender-ref ref="info"/>
        <appender-ref ref="error"/>
    </root>

    <logger name="message" level="INFO" additivity="false">
        <appender-ref ref="message" />
    </logger>

    <logger name="debug_stat" level="INFO" additivity="false">
        <appender-ref ref="debug_stat" />
    </logger>
</configuration>