<?xml version="1.0" encoding="UTF-8"?>
<configuration>

    <property name="log.default_pattern" value="%d{yyyy-MM-dd HH:mm:ss.SSS}|%-5level|%X{traceId}|%logger{1}|%msg%n"/>
    <property name="log.default_max_history" value="14"/>
    <property name="log.default_charset" value="UTF-8"/>
    <property name="log.home" value="logs"/>

    <appender name="info"
              class="ch.qos.logback.core.rolling.RollingFileAppender">
        <file>${log.home}/info.log</file>
        <rollingPolicy
                class="ch.qos.logback.core.rolling.TimeBasedRollingPolicy">
            <fileNamePattern>${log.home}/archives/info.%d{yyyy-MM-dd}.gz
            </fileNamePattern>
            <maxHistory>${log.default_max_history}</maxHistory>
        </rollingPolicy>
        <encoder>
            <pattern>${log.default_pattern}</pattern>
            <charset>${log.default_charset}</charset>
        </encoder>
    </appender>

    <appender name="error"
              class="ch.qos.logback.core.rolling.RollingFileAppender">
        <filter class="ch.qos.logback.classic.filter.ThresholdFilter">
            <level>ERROR</level>
        </filter>
        <file>${log.home}/error.log</file>
        <rollingPolicy
                class="ch.qos.logback.core.rolling.TimeBasedRollingPolicy">
            <fileNamePattern>${log.home}/archives/error.%d{yyyy-MM-dd}.gz
            </fileNamePattern>
            <maxHistory>${log.default_max_history}</maxHistory>
        </rollingPolicy>
        <encoder>
            <pattern>${log.default_pattern}</pattern>
            <charset>${log.default_charset}</charset>
        </encoder>
    </appender>


    <appender name="message"
              class="ch.qos.logback.core.rolling.RollingFileAppender">
        <file>${log.home}/message.log</file>
        <rollingPolicy
                class="ch.qos.logback.core.rolling.TimeBasedRollingPolicy">
            <fileNamePattern>${log.home}/archives/message.%d{yyyy-MM-dd}.gz
            </fileNamePattern>
            <maxHistory>${log.default_max_history}</maxHistory>
        </rollingPolicy>
        <encoder>
            <pattern>${log.default_pattern}</pattern>
            <charset>${log.default_charset}</charset>
        </encoder>
    </appender>


    <appender name="debug_stat"
              class="ch.qos.logback.core.rolling.RollingFileAppender">
        <file>${log.home}/debug_stat.log</file>
        <rollingPolicy
                class="ch.qos.logback.core.rolling.TimeBasedRollingPolicy">
            <fileNamePattern>${log.home}/archives/debug_stat.%d{yyyy-MM-dd}.gz
            </fileNamePattern>
            <maxHistory>${log.default_max_history}</maxHistory>
        </rollingPolicy>
        <encoder>
            <pattern>${log.default_pattern}</pattern>
            <charset>${log.default_charset}</charset>
        </encoder>
    </appender>

    <!-- 记录出价返回的时间 -->
    <appender name="http_access"
              class="ch.qos.logback.core.rolling.RollingFileAppender">
        <file>${log.home}/http_access.log</file>
        <rollingPolicy
                class="ch.qos.logback.core.rolling.TimeBasedRollingPolicy">
            <fileNamePattern>${log.home}/archives/http_access.%d{yyyy-MM-dd}.gz
            </fileNamePattern>
            <maxHistory>${log.default_max_history}</maxHistory>
        </rollingPolicy>
        <encoder>
            <pattern>${log.default_pattern}</pattern>
            <charset>${log.default_charset}</charset>
        </encoder>
    </appender>

    <!-- 数据库日志 -->
    <appender name="db_info"
              class="ch.qos.logback.core.rolling.RollingFileAppender">
        <file>${log.home}/db_info.log</file>
        <rollingPolicy
                class="ch.qos.logback.core.rolling.TimeBasedRollingPolicy">
            <fileNamePattern>${log.home}/archives/db_info.%d{yyyy-MM-dd}.gz
            </fileNamePattern>
            <maxHistory>${log.default_max_history}</maxHistory>
        </rollingPolicy>
        <encoder>
            <pattern>${log.default_pattern}</pattern>
            <charset>${log.default_charset}</charset>
        </encoder>
    </appender>

    <!-- 请求日志 -->
    <appender name="request"
              class="ch.qos.logback.core.rolling.RollingFileAppender">
        <file>${log.home}/request.log</file>
        <rollingPolicy
                class="ch.qos.logback.core.rolling.TimeBasedRollingPolicy">
            <fileNamePattern>${log.home}/archives/request.%d{yyyy-MM-dd}.gz
            </fileNamePattern>
            <maxHistory>${log.default_max_history}</maxHistory>
        </rollingPolicy>
        <encoder>
            <pattern>${log.default_pattern}</pattern>
            <charset>${log.default_charset}</charset>
        </encoder>
    </appender>

    <!-- redis操作日志 -->
    <appender name="redis"
              class="ch.qos.logback.core.rolling.RollingFileAppender">
        <file>${log.home}/redis.log</file>
        <rollingPolicy
                class="ch.qos.logback.core.rolling.TimeBasedRollingPolicy">
            <fileNamePattern>${log.home}/archives/redis.%d{yyyy-MM-dd}.gz
            </fileNamePattern>
            <maxHistory>${log.default_max_history}</maxHistory>
        </rollingPolicy>
        <encoder>
            <pattern>${log.default_pattern}</pattern>
            <charset>${log.default_charset}</charset>
        </encoder>
    </appender>

    <root level="INFO">
        <appender-ref ref="info"/>
        <appender-ref ref="error"/>
    </root>

    <logger name="request" level="INFO" additivity="false">
        <appender-ref ref="request"/>
    </logger>
    
    <logger name="message" level="INFO" additivity="false">
        <appender-ref ref="message" />
    </logger>

    <logger name="debug_stat" level="INFO" additivity="false">
        <appender-ref ref="debug_stat" />
    </logger>

    <logger name="http_access" level="INFO" additivity="false">
        <appender-ref ref="http_access" />
    </logger>

    <logger name="db_info" level="INFO" additivity="false">
        <appender-ref ref="db_info" />
    </logger>

    <logger name="redis" level="INFO" additivity="false">
        <appender-ref ref="redis" />
    </logger>
</configuration>